CREATE DATABASE  IF NOT EXISTS `bari_clothes` /*!40100 DEFAULT CHARACTER SET utf8mb4 COLLATE utf8mb4_0900_ai_ci */ /*!80016 DEFAULT ENCRYPTION='N' */;
USE `bari_clothes`;
-- MySQL dump 10.13  Distrib 8.0.32, for Linux (x86_64)
--
-- Host: localhost    Database: bari_clothes
-- ------------------------------------------------------
-- Server version	8.0.36-0ubuntu0.20.04.1

/*!40101 SET @OLD_CHARACTER_SET_CLIENT=@@CHARACTER_SET_CLIENT */;
/*!40101 SET @OLD_CHARACTER_SET_RESULTS=@@CHARACTER_SET_RESULTS */;
/*!40101 SET @OLD_COLLATION_CONNECTION=@@COLLATION_CONNECTION */;
/*!50503 SET NAMES utf8 */;
/*!40103 SET @OLD_TIME_ZONE=@@TIME_ZONE */;
/*!40103 SET TIME_ZONE='+00:00' */;
/*!40014 SET @OLD_UNIQUE_CHECKS=@@UNIQUE_CHECKS, UNIQUE_CHECKS=0 */;
/*!40014 SET @OLD_FOREIGN_KEY_CHECKS=@@FOREIGN_KEY_CHECKS, FOREIGN_KEY_CHECKS=0 */;
/*!40101 SET @OLD_SQL_MODE=@@SQL_MODE, SQL_MODE='NO_AUTO_VALUE_ON_ZERO' */;
/*!40111 SET @OLD_SQL_NOTES=@@SQL_NOTES, SQL_NOTES=0 */;

--
-- Table structure for table `CLIENTE`
--

DROP TABLE IF EXISTS `CLIENTE`;
/*!40101 SET @saved_cs_client     = @@character_set_client */;
/*!50503 SET character_set_client = utf8mb4 */;
CREATE TABLE `CLIENTE` (
  `cliente_id` int NOT NULL AUTO_INCREMENT,
  `cliente_nombre` varchar(50) DEFAULT 'cliente',
  `cliente_apellido` varchar(50) DEFAULT 'cliente',
  `cliente_documento` int DEFAULT NULL,
  `cliente_mail` varchar(100) DEFAULT NULL,
  `cliente_telefono` int NOT NULL,
  PRIMARY KEY (`cliente_id`),
  UNIQUE KEY `cliente_documento` (`cliente_documento`),
  UNIQUE KEY `cliente_mail` (`cliente_mail`)
) ENGINE=InnoDB AUTO_INCREMENT=101 DEFAULT CHARSET=utf8mb4 COLLATE=utf8mb4_0900_ai_ci;
/*!40101 SET character_set_client = @saved_cs_client */;

--
-- Dumping data for table `CLIENTE`
--

LOCK TABLES `CLIENTE` WRITE;
/*!40000 ALTER TABLE `CLIENTE` DISABLE KEYS */;
INSERT INTO `CLIENTE` VALUES (1,'Sofía','Torres',3775602,'ehatfull0@google.ru',549502411),(2,'Patricia','Díaz',7569783,'mewin1@youtu.be',549955841),(3,'Mariana','Romero',2239657,'larrowsmith2@bloglovin.com',549302162),(4,'Valeria','Díaz',2178010,'sharness3@bizjournals.com',549402606),(5,'Gabriela','Rodríguez',5989696,'lbatte4@slideshare.net',549002945),(6,'Sofía','García',3259760,'amckague5@mit.edu',549008307),(7,'Luis','Reyes',4740552,'einstone6@paginegialle.it',549076467),(8,'Fernando','Aguilar',7482809,'dwilloughley7@live.com',549677387),(9,'Fernanda','Aguilar',4841679,'szorzutti8@linkedin.com',549905537),(10,'Lorena','Gómez',7085223,'epartington9@sohu.com',549680879),(11,'Adriana','Aguilar',3697174,'kbaraclougha@bloomberg.com',549854453),(12,'Martín','González',7445706,'hlibbyb@123-reg.co.uk',549273799),(13,'Ana','Aguilar',4616271,'mniccollsc@ucoz.ru',549763176),(14,'Beatriz','Mendoza',7087434,'hprobetsd@delicious.com',549367241),(15,'Sebastián','Álvarez',6310424,'bpendrille@ocn.ne.jp',549800265),(16,'Luis','Rodríguez',1795482,'mbusherf@delicious.com',549056549),(17,'Fernanda','Flores',5231550,'vswaffordg@wp.com',549815581),(18,'Pablo','Martínez',3671556,'kcrowderh@storify.com',549181612),(19,'Carmen','González',7439170,'cwisdishi@imageshack.us',549329202),(20,'Martín','Gutiérrez',4381450,'amansonj@adobe.com',549412295),(21,'Fernanda','Mendoza',6143847,'gsummerrellk@umn.edu',549115734),(22,'Valeria','Torres',2329075,'dshildrickl@bloglines.com',549818945),(23,'Gabriela','Pérez',3516457,'jnaptinem@admin.ch',549422919),(24,'Sebastián','Álvarez',5920956,'ssaylesn@addthis.com',549532279),(25,'Patricia','Rojas',4979596,'ktafto@ask.com',549555109),(26,'Mateo','Navarro',2659382,'mbauchopp@twitter.com',549630236),(27,'Ana','García',6469460,'pmitchleyq@sfgate.com',549855268),(28,'Andrés','Pérez',4580709,'spulfordr@archive.org',549697485),(29,'Adriana','Romero',4817101,'keddollss@scientificamerican.com',549309004),(30,'Pablo','Castillo',6997703,'sbernakiewiczt@ovh.net',549397190),(31,'Fernanda','Flores',5185972,'acainesu@zimbio.com',549974850),(32,'Ana','Sánchez',4825367,'pdanielyv@zimbio.com',549337731),(33,'Fernanda','Castillo',2010377,'bboeterw@bloomberg.com',549172316),(34,'Gabriela','Rodríguez',5540154,'khartoppx@taobao.com',549004546),(35,'Patricia','López',4331634,'aoverthrowy@stumbleupon.com',549421765),(36,'Lorena','Ortega',5409198,'bbovisz@multiply.com',549123381),(37,'Martín','Torres',1987077,'wnussgen10@meetup.com',549334918),(38,'Juan','Cruz',7295960,'cwellbank11@prweb.com',549180637),(39,'Lorena','Álvarez',1768211,'hprebble12@disqus.com',549646590),(40,'Valeria','Martínez',7373085,'lmouland13@google.nl',549838972),(41,'Sebastián','Navarro',3771882,'lhowgego14@scribd.com',549478788),(42,'Diego','Jiménez',1722220,'nollerhad15@addtoany.com',549668969),(43,'Fernanda','López',5539404,'mlehuquet16@ca.gov',549482578),(44,'Javier','Silva',4240200,'mhollyar17@lycos.com',549260695),(45,'Lorena','Sánchez',7457391,'wdelaeglise18@thetimes.co.uk',549765866),(46,'Ana','Morales',7492441,'ctregiddo19@vinaora.com',549188399),(47,'Diego','Díaz',4803658,'rpannaman1a@salon.com',549903787),(48,'Ricardo','Rivera',5338823,'tpalfrey1b@mapy.cz',549036203),(49,'Fernanda','Morales',6613478,'cmacloughlin1c@bizjournals.com',549722958),(50,'Sofía','Ortega',2196041,'rneeve1d@privacy.gov.au',549351143),(51,'Javier','Díaz',5987599,'cstrotone1e@engadget.com',549201391),(52,'Fernanda','García',5111918,'lmerlin1f@sohu.com',549259460),(53,'Carmen','Ortiz',6131179,'ogant1g@clickbank.net',549798726),(54,'Ana','Mendoza',6099929,'cbristoe1h@si.edu',549123257),(55,'Lucas','Guerrero',1733161,'amaruska1i@drupal.org',549712511),(56,'Luis','Sánchez',1981882,'ckondratenko1j@nps.gov',549418473),(57,'Valentina','Cruz',7549665,'athews1k@google.co.uk',549076389),(58,'Ricardo','Flores',2785312,'nguilfoyle1l@so-net.ne.jp',549473146),(59,'Valeria','Reyes',2294593,'aunsworth1m@aboutads.info',549771002),(60,'Camila','Ramírez',3672690,'pmackro1n@ow.ly',549837256),(61,'Fernando','García',2288282,'wwarricker1o@nhs.uk',549005325),(62,'Isabella','Silva',5191341,'jwillows1p@purevolume.com',549562866),(63,'Emilio','Martínez',2150025,'vingerson1q@businessweek.com',549045232),(64,'Juan','Jiménez',2386969,'dbedminster1r@amazon.de',549357416),(65,'Andrés','Castillo',4642163,'vskrine1s@sphinn.com',549176122),(66,'Mariana','Castillo',4541866,'bcabera1t@weather.com',549420988),(67,'Camila','Sánchez',6811658,'cdewdney1u@prnewswire.com',549324818),(68,'Lucas','Rodríguez',2651064,'mboswood1v@latimes.com',549146727),(69,'Carlos','Ruiz',6250299,'pnapthine1w@nps.gov',549488404),(70,'Beatriz','González',4313916,'yjambrozek1x@zimbio.com',549055225),(71,'Gabriela','Rodríguez',7062160,'mlent1y@last.fm',549389813),(72,'Ana','Sánchez',4162905,'showlin1z@hatena.ne.jp',549188389),(73,'Andrés','Ruiz',6329808,'kpatullo20@google.com.br',549216142),(74,'Patricia','García',4746909,'bdulinty21@geocities.com',549721097),(75,'Mateo','Rojas',6798620,'nnaish22@mashable.com',549955908),(76,'Mariana','Díaz',2991537,'fhans23@ted.com',549282467),(77,'Isabella','Díaz',3998453,'hofen24@seattletimes.com',549196402),(78,'Alejandro','García',3456995,'csutherel25@ucla.edu',549331853),(79,'Valentina','Pérez',5785267,'rdornin26@sakura.ne.jp',549261209),(80,'Gabriela','Vargas',4932482,'jshetliff27@nih.gov',549265206),(81,'Valeria','Ortiz',6947394,'esegrave28@pcworld.com',549608418),(82,'Valeria','Rivera',2624876,'kmanach29@alexa.com',549982782),(83,'Daniel','Gómez',1925635,'btregent2a@google.fr',549773424),(84,'Joaquín','Ortega',2663424,'nlionel2b@sogou.com',549587423),(85,'Luis','Sánchez',3025627,'alinner2c@mayoclinic.com',549692307),(86,'Alejandro','Ruiz',3207877,'bleal2d@studiopress.com',549086228),(87,'Laura','Gómez',7005798,'asandlin2e@arizona.edu',549497194),(88,'Lorena','Navarro',7308483,'bvallintine2f@cyberchimps.com',549338465),(89,'Gabriela','Reyes',1761108,'sblethin2g@163.com',549283514),(90,'Camila','Pérez',3103068,'gnorbury2h@psu.edu',549709107),(91,'Diego','Medina',4123160,'sgreenhaugh2i@shinystat.com',549827749),(92,'Martín','Castillo',6673752,'gmaletratt2j@ocn.ne.jp',549599782),(93,'Gabriela','Rodríguez',2087484,'aimloch2k@unicef.org',549327532),(94,'Beatriz','Morales',2626807,'eberk2l@bandcamp.com',549188037),(95,'Laura','Mendoza',7181358,'jpuller2m@qq.com',549497840),(96,'Beatriz','Morales',5584570,'ecappineer2n@ihg.com',549166139),(97,'María','Ruiz',3748323,'dveal2o@java.com',549998585),(98,'Joaquín','Flores',6375262,'lsanto2p@edublogs.org',549476799),(99,'Camila','Navarro',6468947,'smcalpine2q@smugmug.com',549874072),(100,'Isabella','Medina',4941600,'amaybury2r@sciencedirect.com',549029665);
/*!40000 ALTER TABLE `CLIENTE` ENABLE KEYS */;
UNLOCK TABLES;

--
-- Table structure for table `COMPRA`
--

DROP TABLE IF EXISTS `COMPRA`;
/*!40101 SET @saved_cs_client     = @@character_set_client */;
/*!50503 SET character_set_client = utf8mb4 */;
CREATE TABLE `COMPRA` (
  `compra_id` int NOT NULL AUTO_INCREMENT,
  `sucursal_id` int NOT NULL,
  `cliente_id` int NOT NULL,
  `valor` int NOT NULL,
  `metodo_pago_id` int NOT NULL,
  `fecha_compra` date DEFAULT (curdate()),
  PRIMARY KEY (`compra_id`),
  KEY `FK_COMP_SUCURSAL` (`sucursal_id`),
  KEY `FK_COMP_CLIENTE` (`cliente_id`),
  KEY `FK_COMP_METODO` (`metodo_pago_id`),
  CONSTRAINT `FK_COMP_CLIENTE` FOREIGN KEY (`cliente_id`) REFERENCES `CLIENTE` (`cliente_id`),
  CONSTRAINT `FK_COMP_METODO` FOREIGN KEY (`metodo_pago_id`) REFERENCES `METODO_PAGO` (`metodo_pago_id`),
  CONSTRAINT `FK_COMP_SUCURSAL` FOREIGN KEY (`sucursal_id`) REFERENCES `SUCURSAL` (`sucursal_id`)
) ENGINE=InnoDB AUTO_INCREMENT=501 DEFAULT CHARSET=utf8mb4 COLLATE=utf8mb4_0900_ai_ci;
/*!40101 SET character_set_client = @saved_cs_client */;

--
-- Dumping data for table `COMPRA`
--

LOCK TABLES `COMPRA` WRITE;
/*!40000 ALTER TABLE `COMPRA` DISABLE KEYS */;
INSERT INTO `COMPRA` VALUES (1,4,87,2257,2,'2020-09-16'),(2,5,10,6568,1,'2006-10-10'),(3,5,40,2045,3,'2017-02-17'),(4,1,94,2689,1,'2008-05-18'),(5,1,47,1801,2,'2014-06-24'),(6,3,88,7193,2,'2025-09-26'),(7,4,89,8061,2,'2015-04-15'),(8,3,26,6801,2,'2009-06-10'),(9,1,98,3618,3,'2020-03-09'),(10,4,32,6127,1,'2025-12-08'),(11,4,7,6474,4,'2010-07-20'),(12,3,45,7977,3,'2024-10-01'),(13,4,85,5468,3,'2009-07-31'),(14,2,30,9116,3,'2021-01-19'),(15,1,19,7998,2,'2017-03-25'),(16,3,95,8691,1,'2020-02-25'),(17,1,46,1016,2,'2016-08-03'),(18,2,79,4180,3,'2012-03-08'),(19,3,62,8700,1,'2014-08-16'),(20,4,39,5970,1,'2025-10-03'),(21,1,50,5826,1,'2011-11-25'),(22,1,39,7716,2,'2019-10-03'),(23,1,25,6029,2,'2008-03-14'),(24,5,77,3521,3,'2008-09-09'),(25,5,91,8181,3,'2014-02-24'),(26,1,26,7860,2,'2018-06-24'),(27,1,58,3185,1,'2013-11-26'),(28,1,45,1517,2,'2017-06-16'),(29,3,41,6849,4,'2014-03-13'),(30,2,84,4119,2,'2007-08-27'),(31,2,86,3345,3,'2005-09-30'),(32,3,41,7985,4,'2020-04-02'),(33,4,72,3763,4,'2014-03-20'),(34,1,54,3462,2,'2006-10-31'),(35,3,68,7643,3,'2021-11-26'),(36,3,89,6178,3,'2018-03-06'),(37,2,100,5826,4,'2011-12-24'),(38,3,58,6387,4,'2024-10-08'),(39,5,20,9512,2,'2014-04-23'),(40,3,60,7076,3,'2005-01-23'),(41,2,34,7846,1,'2018-05-14'),(42,1,27,2518,1,'2008-11-17'),(43,1,5,6151,3,'2009-07-24'),(44,2,76,7569,4,'2017-01-30'),(45,3,16,1399,2,'2012-09-16'),(46,2,77,5936,2,'2018-09-02'),(47,5,25,9632,2,'2018-01-31'),(48,5,89,6936,1,'2010-08-25'),(49,3,50,9751,3,'2019-02-01'),(50,5,8,3219,4,'2022-06-21'),(51,1,43,4700,1,'2021-06-17'),(52,2,69,1720,1,'2012-09-26'),(53,4,93,1817,4,'2020-10-08'),(54,5,64,1224,4,'2018-11-13'),(55,4,3,4491,1,'2013-03-29'),(56,1,29,4693,4,'2013-10-19'),(57,5,42,6256,2,'2011-12-14'),(58,3,76,9835,3,'2005-10-22'),(59,3,95,2166,2,'2016-02-27'),(60,3,87,7002,3,'2018-01-13'),(61,1,86,7472,2,'2008-12-28'),(62,5,81,9578,4,'2023-07-07'),(63,3,65,2847,2,'2010-06-12'),(64,4,77,3647,3,'2023-11-13'),(65,2,70,6830,2,'2007-09-03'),(66,4,18,6891,3,'2025-05-01'),(67,2,76,2200,1,'2016-06-13'),(68,3,12,1602,4,'2005-03-29'),(69,4,73,3318,2,'2009-03-21'),(70,2,23,3151,4,'2007-12-16'),(71,1,79,2532,1,'2007-11-22'),(72,1,36,7395,1,'2014-05-20'),(73,5,99,6139,3,'2018-10-09'),(74,3,75,1168,4,'2018-07-09'),(75,4,94,8774,1,'2008-08-24'),(76,4,9,5474,1,'2022-11-21'),(77,4,12,8809,1,'2007-05-18'),(78,5,44,2674,2,'2013-04-22'),(79,1,25,4344,4,'2021-03-21'),(80,3,28,8584,3,'2017-04-08'),(81,4,66,7251,4,'2008-09-13'),(82,3,49,3255,2,'2015-04-01'),(83,5,1,2615,2,'2019-07-30'),(84,5,10,8492,3,'2022-09-24'),(85,1,99,4320,4,'2008-03-22'),(86,4,96,8859,3,'2009-11-05'),(87,5,43,3529,3,'2011-02-09'),(88,2,73,5389,1,'2013-06-13'),(89,2,50,3113,1,'2014-10-25'),(90,2,84,5565,3,'2020-06-12'),(91,4,5,4141,2,'2023-01-06'),(92,1,87,1358,4,'2006-09-21'),(93,5,22,6705,4,'2010-04-04'),(94,3,2,8293,3,'2010-04-03'),(95,2,57,3503,4,'2008-12-01'),(96,1,52,4573,3,'2021-08-27'),(97,3,69,8458,4,'2014-09-16'),(98,1,5,8660,2,'2015-07-17'),(99,5,9,3312,2,'2012-03-27'),(100,4,96,3654,3,'2007-04-05'),(101,5,68,8300,4,'2021-04-17'),(102,5,70,1850,2,'2016-01-08'),(103,2,46,1446,2,'2006-11-21'),(104,4,47,3991,4,'2008-04-03'),(105,1,1,6453,1,'2019-08-22'),(106,3,20,9871,4,'2006-11-04'),(107,3,76,9136,4,'2006-10-08'),(108,1,87,2766,2,'2024-04-19'),(109,1,73,6949,3,'2016-01-08'),(110,2,12,1723,4,'2021-07-30'),(111,4,21,3550,1,'2020-09-26'),(112,3,15,3604,2,'2014-02-03'),(113,1,89,1818,2,'2005-04-17'),(114,3,97,2121,1,'2021-04-23'),(115,2,88,7521,3,'2020-02-26'),(116,2,90,3245,4,'2022-09-09'),(117,1,91,7505,3,'2009-07-07'),(118,1,23,6148,2,'2018-09-24'),(119,4,97,6865,2,'2010-06-14'),(120,5,86,5877,2,'2015-06-12'),(121,5,4,7269,2,'2022-06-13'),(122,3,65,4444,3,'2011-02-20'),(123,3,50,3829,2,'2012-02-22'),(124,3,46,1924,3,'2019-04-07'),(125,2,6,5372,1,'2007-01-06'),(126,1,36,2907,4,'2012-05-25'),(127,2,52,5720,3,'2025-01-14'),(128,4,50,3328,4,'2018-01-20'),(129,5,24,8238,4,'2014-11-16'),(130,1,8,6168,3,'2023-05-11'),(131,4,30,2072,1,'2024-10-13'),(132,3,87,9528,3,'2017-01-11'),(133,5,69,9004,3,'2019-07-08'),(134,2,84,6864,1,'2020-12-11'),(135,1,3,3687,2,'2005-02-15'),(136,1,68,9374,3,'2023-05-12'),(137,5,51,4489,3,'2017-01-04'),(138,2,2,6608,1,'2023-06-14'),(139,5,54,6130,3,'2005-04-02'),(140,2,25,2574,1,'2015-10-23'),(141,4,53,8405,1,'2015-11-15'),(142,3,34,7520,4,'2013-05-02'),(143,2,53,5536,3,'2020-09-03'),(144,2,92,9380,1,'2025-08-10'),(145,4,25,6312,1,'2023-06-06'),(146,5,96,7183,1,'2017-05-30'),(147,4,65,1403,3,'2023-04-08'),(148,5,4,5421,1,'2013-04-13'),(149,5,30,8999,3,'2007-12-26'),(150,5,68,3929,1,'2014-08-09'),(151,2,20,3229,3,'2009-04-26'),(152,5,19,1726,4,'2021-11-30'),(153,5,99,8740,3,'2014-06-26'),(154,3,77,5748,4,'2024-01-29'),(155,5,41,1700,4,'2023-07-11'),(156,3,26,9824,1,'2011-05-23'),(157,1,72,2451,3,'2025-08-28'),(158,1,53,3017,2,'2022-03-25'),(159,4,2,1930,3,'2018-11-02'),(160,1,53,9933,3,'2006-11-14'),(161,3,69,6636,2,'2024-11-09'),(162,5,17,2774,1,'2008-06-19'),(163,4,12,8851,2,'2009-04-09'),(164,2,77,2345,3,'2015-08-02'),(165,3,67,7594,3,'2025-11-07'),(166,1,65,2887,3,'2021-12-21'),(167,3,100,4871,3,'2008-12-05'),(168,2,6,6994,2,'2014-10-20'),(169,4,97,3813,3,'2011-07-06'),(170,1,33,1709,2,'2024-12-29'),(171,3,54,9308,3,'2009-03-16'),(172,5,60,6573,1,'2017-07-23'),(173,1,71,3494,4,'2009-11-25'),(174,4,86,2677,2,'2009-03-10'),(175,2,36,9063,1,'2012-09-24'),(176,1,52,1151,1,'2012-06-11'),(177,5,99,6974,2,'2023-05-27'),(178,3,62,1234,3,'2025-09-08'),(179,5,65,5255,3,'2014-08-05'),(180,5,84,9357,1,'2020-02-29'),(181,1,88,8990,2,'2025-08-15'),(182,3,31,1932,2,'2012-03-11'),(183,4,96,9033,4,'2013-07-15'),(184,4,98,5533,3,'2016-10-10'),(185,1,30,6365,1,'2013-08-19'),(186,4,81,8307,3,'2009-12-19'),(187,3,55,2315,4,'2014-12-28'),(188,5,28,4767,2,'2012-05-05'),(189,1,95,3707,4,'2020-04-12'),(190,2,29,5801,1,'2019-09-01'),(191,4,64,5868,4,'2022-03-30'),(192,1,48,7549,2,'2019-11-09'),(193,5,91,4038,3,'2008-03-03'),(194,1,57,9823,2,'2023-07-21'),(195,3,75,1073,3,'2025-03-27'),(196,2,91,4577,2,'2008-11-10'),(197,2,41,4099,3,'2008-06-11'),(198,5,48,1056,2,'2021-07-11'),(199,3,98,6994,4,'2013-04-20'),(200,5,92,1938,3,'2006-09-22'),(201,2,23,1533,2,'2019-02-26'),(202,1,6,2346,2,'2018-02-28'),(203,4,28,6286,4,'2017-06-08'),(204,3,55,6655,4,'2021-03-01'),(205,3,58,4954,2,'2010-11-15'),(206,2,41,7497,2,'2011-07-08'),(207,1,38,7329,1,'2007-01-26'),(208,2,72,5255,2,'2018-11-14'),(209,5,15,8493,3,'2020-02-08'),(210,5,75,5733,3,'2012-08-01'),(211,3,37,9854,4,'2025-10-24'),(212,4,79,1637,3,'2021-07-27'),(213,5,86,4894,3,'2011-07-06'),(214,4,37,3041,2,'2005-04-14'),(215,3,44,4150,4,'2015-11-29'),(216,1,25,1182,2,'2010-07-09'),(217,1,10,2929,4,'2012-01-04'),(218,5,92,5393,1,'2013-04-18'),(219,1,49,9964,4,'2025-02-12'),(220,1,83,1167,2,'2008-03-29'),(221,5,95,3883,2,'2021-04-25'),(222,1,48,4696,1,'2011-08-17'),(223,3,94,7952,2,'2019-06-09'),(224,5,28,9377,3,'2022-02-28'),(225,4,2,5604,3,'2022-10-26'),(226,3,21,1572,2,'2005-09-05'),(227,4,65,6702,4,'2016-10-21'),(228,4,61,2283,4,'2024-01-25'),(229,4,81,8335,1,'2023-08-27'),(230,4,45,3338,4,'2012-01-06'),(231,5,85,1920,1,'2009-07-25'),(232,2,56,9854,2,'2021-07-25'),(233,2,54,7889,1,'2016-06-23'),(234,3,29,3340,1,'2010-05-11'),(235,4,22,4733,3,'2006-03-20'),(236,2,57,6315,1,'2018-09-17'),(237,4,18,4872,1,'2023-05-22'),(238,4,33,5119,3,'2016-07-11'),(239,4,60,7953,3,'2022-08-16'),(240,3,21,3765,1,'2013-01-10'),(241,1,50,1371,3,'2018-09-13'),(242,3,65,6589,4,'2008-08-26'),(243,2,80,7652,1,'2021-02-03'),(244,1,56,1445,2,'2007-12-16'),(245,2,20,8265,4,'2012-07-13'),(246,2,44,7247,1,'2019-07-04'),(247,1,16,2166,2,'2008-03-18'),(248,1,59,7719,2,'2012-03-18'),(249,4,90,5515,2,'2010-08-04'),(250,1,96,7786,1,'2018-07-05'),(251,1,13,4962,3,'2012-09-18'),(252,4,3,5829,1,'2020-03-18'),(253,2,54,7516,4,'2012-01-24'),(254,5,98,4288,2,'2019-10-31'),(255,4,35,1931,3,'2024-02-19'),(256,3,65,4344,4,'2008-08-13'),(257,4,10,2717,2,'2012-05-19'),(258,4,69,1700,3,'2020-09-27'),(259,1,100,9086,1,'2008-07-20'),(260,2,47,3111,4,'2008-02-09'),(261,5,90,5923,2,'2006-03-03'),(262,5,98,7841,2,'2013-01-26'),(263,5,57,8493,2,'2010-08-12'),(264,3,22,6999,3,'2007-07-01'),(265,2,96,9285,3,'2011-08-05'),(266,3,39,8706,3,'2013-10-28'),(267,4,24,3486,2,'2017-03-24'),(268,5,70,9002,1,'2008-10-25'),(269,3,32,9939,3,'2006-02-18'),(270,4,95,8035,2,'2007-06-16'),(271,3,97,4591,2,'2010-12-29'),(272,3,46,2456,3,'2012-03-15'),(273,4,42,5473,1,'2011-01-27'),(274,2,69,3499,3,'2017-08-23'),(275,5,80,9491,1,'2005-03-30'),(276,1,13,8598,2,'2015-04-19'),(277,4,29,4802,4,'2017-08-02'),(278,4,76,1601,3,'2017-02-02'),(279,3,93,2913,3,'2013-07-27'),(280,1,87,5823,4,'2008-08-25'),(281,1,100,2100,1,'2009-12-01'),(282,2,34,1848,1,'2019-08-17'),(283,2,61,7214,1,'2014-11-23'),(284,2,46,7727,3,'2007-12-04'),(285,2,94,6121,4,'2013-05-13'),(286,1,88,6797,3,'2025-06-14'),(287,5,93,2346,2,'2017-03-08'),(288,1,90,6589,1,'2005-08-26'),(289,5,49,2616,1,'2025-11-26'),(290,2,48,5118,4,'2019-12-01'),(291,5,17,3821,3,'2021-03-25'),(292,4,34,1740,2,'2022-10-17'),(293,3,47,2168,4,'2010-11-16'),(294,1,87,2272,2,'2014-02-07'),(295,4,85,6352,4,'2020-08-02'),(296,2,35,6953,1,'2016-07-17'),(297,2,38,3270,1,'2008-09-30'),(298,2,80,1073,3,'2010-07-12'),(299,3,30,6293,1,'2009-09-16'),(300,3,27,9451,4,'2013-08-07'),(301,5,64,7329,3,'2021-02-02'),(302,5,56,8253,3,'2020-11-28'),(303,4,74,3908,4,'2008-08-22'),(304,4,47,4840,2,'2020-04-17'),(305,3,53,7754,1,'2007-12-12'),(306,5,88,3820,2,'2012-01-02'),(307,5,5,1764,3,'2009-05-04'),(308,3,10,4387,2,'2016-10-15'),(309,2,84,2437,4,'2022-09-15'),(310,1,50,8232,2,'2020-03-09'),(311,1,99,7816,3,'2015-04-07'),(312,3,27,7983,1,'2021-02-07'),(313,1,43,3314,4,'2021-10-20'),(314,3,87,3098,4,'2012-04-25'),(315,4,48,3528,2,'2020-05-02'),(316,2,76,1345,4,'2024-12-21'),(317,4,39,2149,4,'2018-03-18'),(318,5,75,8138,2,'2017-07-27'),(319,2,13,7304,1,'2011-03-04'),(320,5,38,5992,1,'2013-04-26'),(321,1,87,8345,4,'2011-02-12'),(322,4,25,3615,4,'2010-07-24'),(323,3,5,5983,2,'2011-12-26'),(324,1,40,8513,2,'2025-05-01'),(325,4,45,1656,1,'2019-08-25'),(326,2,89,9677,2,'2009-07-23'),(327,2,54,2752,4,'2012-09-27'),(328,5,32,7495,2,'2014-04-02'),(329,4,24,9468,2,'2023-04-26'),(330,4,48,4168,4,'2021-02-10'),(331,3,39,5221,3,'2008-03-22'),(332,4,6,8753,3,'2005-12-08'),(333,4,40,9388,2,'2015-01-07'),(334,4,12,8012,1,'2016-01-19'),(335,2,76,2443,1,'2025-03-06'),(336,3,83,8005,2,'2011-04-07'),(337,1,85,8429,3,'2013-09-18'),(338,5,85,1049,1,'2019-03-02'),(339,3,96,4770,4,'2005-09-28'),(340,2,17,9765,1,'2018-08-22'),(341,1,28,6135,4,'2019-12-09'),(342,3,44,8949,4,'2016-01-19'),(343,5,75,9382,2,'2011-07-26'),(344,4,1,8396,4,'2005-10-31'),(345,3,44,8163,4,'2011-09-11'),(346,5,53,5175,4,'2021-10-08'),(347,3,31,4451,1,'2006-09-17'),(348,3,10,2134,3,'2019-10-18'),(349,5,63,6680,2,'2025-06-19'),(350,2,29,5498,4,'2016-10-27'),(351,1,95,8959,1,'2024-01-31'),(352,4,34,6740,1,'2015-12-13'),(353,1,95,5503,1,'2021-04-21'),(354,3,37,5244,3,'2017-05-28'),(355,3,91,1217,1,'2007-09-30'),(356,5,61,2901,1,'2024-11-23'),(357,5,98,3783,2,'2015-04-11'),(358,1,14,1471,1,'2008-05-07'),(359,2,21,4775,2,'2011-09-12'),(360,3,33,1278,3,'2015-06-17'),(361,5,65,8709,3,'2023-06-02'),(362,1,37,5226,4,'2008-09-15'),(363,2,75,5252,3,'2013-03-31'),(364,3,79,8700,4,'2023-02-17'),(365,1,31,2413,4,'2006-12-21'),(366,1,25,6838,3,'2024-10-29'),(367,4,97,5121,3,'2018-01-03'),(368,3,66,6716,4,'2011-08-28'),(369,5,35,7556,3,'2024-10-08'),(370,1,29,1519,2,'2006-05-08'),(371,3,85,3222,1,'2010-07-11'),(372,4,22,3134,2,'2019-09-27'),(373,4,39,7558,4,'2022-11-21'),(374,4,62,8655,4,'2007-11-24'),(375,4,53,3674,2,'2016-01-06'),(376,3,11,4687,2,'2017-10-26'),(377,1,81,9079,1,'2019-10-14'),(378,4,8,5051,2,'2021-09-26'),(379,4,35,7394,1,'2015-11-30'),(380,2,38,1059,3,'2021-05-07'),(381,2,80,9838,4,'2006-06-24'),(382,2,28,9122,4,'2005-07-24'),(383,2,100,6620,3,'2017-12-05'),(384,1,31,2510,3,'2007-03-23'),(385,5,55,7405,2,'2007-06-20'),(386,4,87,2407,2,'2020-08-17'),(387,3,45,4672,4,'2015-02-26'),(388,5,28,7806,2,'2016-08-13'),(389,2,91,7280,1,'2015-01-17'),(390,3,33,8967,2,'2024-11-30'),(391,3,80,1525,3,'2008-02-07'),(392,2,91,5480,4,'2009-08-10'),(393,5,85,9017,2,'2012-11-15'),(394,2,86,5686,1,'2008-07-28'),(395,3,86,3064,4,'2024-01-26'),(396,2,47,3051,3,'2014-11-15'),(397,3,79,5682,4,'2015-10-07'),(398,2,55,9707,2,'2010-09-11'),(399,4,78,1602,3,'2022-01-03'),(400,3,64,3430,2,'2020-08-30'),(401,2,99,5572,1,'2011-07-18'),(402,4,47,1595,1,'2014-06-16'),(403,3,80,5095,4,'2012-06-08'),(404,5,7,4866,2,'2005-12-20'),(405,2,13,8246,3,'2022-06-08'),(406,2,17,2647,1,'2013-04-09'),(407,1,47,8823,3,'2023-12-10'),(408,2,31,6867,3,'2010-06-30'),(409,3,12,3341,3,'2021-08-12'),(410,3,24,9859,3,'2021-04-10'),(411,5,29,4458,2,'2019-12-05'),(412,4,77,8739,2,'2017-09-12'),(413,1,20,5197,2,'2018-06-16'),(414,1,70,2176,1,'2023-05-10'),(415,1,40,8568,4,'2019-07-08'),(416,5,64,4534,4,'2022-08-05'),(417,4,8,5822,3,'2013-05-28'),(418,3,94,8722,3,'2012-03-22'),(419,3,88,4010,3,'2018-12-26'),(420,3,23,7890,4,'2021-01-15'),(421,2,71,5701,3,'2006-09-10'),(422,4,43,6169,4,'2005-11-25'),(423,5,83,5963,1,'2020-10-16'),(424,2,14,4890,1,'2005-08-14'),(425,3,21,9563,1,'2009-04-21'),(426,2,51,2665,2,'2018-11-16'),(427,1,16,4944,4,'2023-08-30'),(428,4,67,1381,4,'2016-02-19'),(429,2,30,2497,4,'2018-02-22'),(430,5,77,2588,1,'2013-04-16'),(431,2,86,8471,1,'2005-12-25'),(432,4,61,1054,2,'2014-09-30'),(433,1,88,5365,2,'2007-04-12'),(434,4,95,3757,1,'2015-11-11'),(435,3,80,5166,2,'2009-08-30'),(436,3,16,1331,4,'2025-11-18'),(437,3,95,8345,1,'2012-05-07'),(438,2,55,1631,1,'2019-04-10'),(439,4,16,2496,4,'2024-10-01'),(440,4,10,3005,1,'2019-02-07'),(441,3,67,7725,4,'2011-08-05'),(442,5,36,2805,4,'2021-03-09'),(443,3,59,8562,3,'2013-11-08'),(444,1,79,4826,4,'2010-12-25'),(445,2,89,2568,3,'2005-03-26'),(446,4,95,3601,4,'2017-12-25'),(447,3,36,4739,3,'2018-05-31'),(448,3,65,4198,2,'2011-01-01'),(449,1,47,1288,3,'2023-09-07'),(450,3,27,3020,1,'2016-07-04'),(451,3,44,7604,4,'2012-01-06'),(452,2,5,3836,3,'2019-08-08'),(453,3,32,2106,4,'2010-02-25'),(454,2,1,5275,3,'2009-03-29'),(455,3,92,2294,2,'2008-01-26'),(456,2,39,6050,4,'2010-08-31'),(457,2,19,1712,4,'2006-06-04'),(458,1,7,1410,2,'2015-06-29'),(459,3,66,3006,3,'2006-12-09'),(460,5,75,9396,3,'2011-09-02'),(461,1,90,7423,4,'2021-06-09'),(462,5,14,7828,3,'2012-06-03'),(463,1,31,6786,1,'2005-05-31'),(464,3,17,4162,4,'2007-02-17'),(465,2,42,2881,2,'2019-04-05'),(466,4,22,2271,2,'2017-09-30'),(467,5,14,1854,1,'2020-11-01'),(468,5,86,4239,2,'2015-01-03'),(469,5,83,9631,3,'2011-12-25'),(470,5,1,1427,1,'2005-06-21'),(471,1,89,3792,2,'2018-06-29'),(472,2,90,9086,3,'2011-07-19'),(473,1,95,8227,4,'2021-09-26'),(474,2,19,9007,4,'2018-10-13'),(475,2,23,2688,1,'2005-01-30'),(476,5,22,2734,4,'2007-10-19'),(477,4,30,7228,3,'2008-11-10'),(478,3,98,7848,2,'2023-05-25'),(479,5,90,4990,4,'2020-08-29'),(480,5,16,6057,2,'2012-01-12'),(481,4,51,6644,2,'2006-02-07'),(482,2,94,3095,3,'2005-05-16'),(483,2,94,3458,3,'2007-08-01'),(484,5,80,1876,3,'2014-09-01'),(485,4,98,4267,4,'2018-06-28'),(486,5,97,6134,1,'2012-06-11'),(487,2,46,3503,1,'2023-05-12'),(488,1,42,8438,2,'2023-12-09'),(489,3,74,1940,2,'2013-02-13'),(490,4,42,6302,3,'2023-11-22'),(491,3,19,2157,1,'2012-05-05'),(492,1,38,1702,4,'2023-05-13'),(493,1,46,1811,4,'2012-07-26'),(494,2,55,9503,4,'2018-12-24'),(495,4,57,4064,4,'2009-05-14'),(496,5,87,5867,1,'2024-09-28'),(497,5,32,3769,4,'2019-08-19'),(498,4,66,3279,1,'2023-01-09'),(499,2,47,8275,1,'2011-04-18'),(500,4,31,5612,2,'2023-12-11');
/*!40000 ALTER TABLE `COMPRA` ENABLE KEYS */;
UNLOCK TABLES;

--
-- Table structure for table `DETALLE`
--

DROP TABLE IF EXISTS `DETALLE`;
/*!40101 SET @saved_cs_client     = @@character_set_client */;
/*!50503 SET character_set_client = utf8mb4 */;
CREATE TABLE `DETALLE` (
  `producto_id` int NOT NULL,
  `compra_id` int NOT NULL,
  PRIMARY KEY (`producto_id`,`compra_id`),
  KEY `FK_DET_COMPRA` (`compra_id`),
  CONSTRAINT `FK_DET_COMPRA` FOREIGN KEY (`compra_id`) REFERENCES `COMPRA` (`compra_id`),
  CONSTRAINT `FK_DET_PRODUCTO` FOREIGN KEY (`producto_id`) REFERENCES `PRODUCTO` (`producto_id`)
) ENGINE=InnoDB DEFAULT CHARSET=utf8mb4 COLLATE=utf8mb4_0900_ai_ci;
/*!40101 SET character_set_client = @saved_cs_client */;

--
-- Dumping data for table `DETALLE`
--

LOCK TABLES `DETALLE` WRITE;
/*!40000 ALTER TABLE `DETALLE` DISABLE KEYS */;
INSERT INTO `DETALLE` VALUES (3,1),(52,3),(14,4),(51,4),(20,6),(35,6),(55,6),(100,6),(55,7),(75,8),(76,8),(81,8),(43,9),(59,9),(90,10),(80,12),(57,13),(10,14),(57,14),(35,16),(21,17),(37,17),(2,18),(61,18),(44,19),(89,19),(99,20),(100,21),(54,22),(60,22),(10,23),(18,23),(54,24),(83,24),(13,26),(37,26),(44,26),(61,26),(67,27),(79,27),(14,28),(32,28),(54,28),(60,28),(43,29),(77,29),(34,30),(81,30),(8,31),(95,31),(89,32),(33,33),(95,33),(5,34),(58,35),(16,36),(77,36),(89,36),(27,37),(81,37),(82,37),(90,37),(100,37),(80,38),(10,41),(16,41),(73,41),(74,41),(46,42),(57,42),(83,42),(25,44),(58,44),(30,45),(59,45),(27,46),(45,46),(60,46),(71,46),(35,47),(41,47),(93,47),(18,48),(33,48),(18,49),(39,49),(54,49),(8,50),(46,50),(50,50),(44,51),(86,51),(8,52),(47,52),(75,52),(9,53),(27,53),(11,54),(30,54),(75,54),(81,54),(64,55),(82,55),(31,56),(59,56),(19,57),(96,57),(34,58),(6,59),(10,59),(100,59),(29,60),(40,60),(9,61),(56,61),(74,61),(45,62),(4,63),(57,65),(83,65),(42,66),(100,66),(31,67),(40,68),(61,68),(92,68),(44,70),(48,70),(16,71),(20,72),(47,72),(88,72),(5,73),(14,73),(76,73),(80,73),(84,73),(93,73),(73,74),(4,75),(49,75),(38,76),(64,77),(66,77),(71,77),(19,78),(72,78),(92,78),(15,79),(35,80),(14,81),(35,81),(63,81),(10,82),(45,82),(85,82),(20,83),(27,83),(95,83),(28,84),(96,84),(34,85),(72,85),(84,85),(20,86),(16,87),(95,87),(100,87),(78,88),(81,88),(73,89),(42,90),(62,90),(68,90),(70,90),(72,90),(86,90),(31,91),(43,92),(22,93),(72,93),(75,93),(56,95),(60,96),(8,97),(11,97),(66,97),(2,98),(20,99),(50,100),(62,100),(91,100),(1,101),(19,101),(28,101),(49,101),(71,101),(5,102),(63,102),(82,102),(86,102),(28,103),(41,103),(46,103),(51,103),(81,103),(21,104),(5,105),(16,105),(16,106),(8,107),(93,107),(72,108),(28,109),(28,110),(30,110),(74,110),(42,111),(79,112),(80,112),(25,113),(21,114),(23,114),(55,114),(93,114),(2,115),(24,116),(19,117),(48,117),(83,117),(88,117),(93,117),(15,118),(49,119),(50,119),(84,119),(22,120),(63,120),(76,120),(86,121),(98,121),(6,122),(44,122),(94,122),(28,124),(52,124),(63,124),(96,124),(36,125),(52,125),(22,126),(35,126),(17,127),(18,127),(93,127),(64,128),(30,129),(42,129),(54,129),(67,129),(3,130),(58,130),(59,130),(29,131),(64,131),(57,132),(15,133),(22,134),(58,134),(93,134),(98,134),(52,135),(88,135),(95,135),(45,136),(43,137),(16,138),(78,138),(13,139),(78,140),(66,141),(69,141),(72,142),(14,143),(45,143),(84,143),(62,144),(1,145),(86,145),(38,147),(97,147),(27,148),(47,148),(39,149),(31,150),(27,151),(85,152),(43,153),(49,153),(73,153),(7,154),(12,154),(79,155),(39,156),(91,156),(2,157),(6,158),(80,158),(77,159),(62,161),(78,161),(80,161),(12,162),(20,162),(60,163),(91,163),(17,164),(18,164),(51,164),(59,164),(3,165),(27,166),(77,166),(3,167),(14,167),(35,167),(44,167),(52,167),(91,167),(8,168),(76,168),(84,168),(54,169),(22,170),(29,170),(72,170),(53,171),(98,171),(31,172),(40,172),(1,173),(22,173),(1,174),(15,175),(33,175),(37,175),(62,176),(69,177),(72,177),(91,177),(38,178),(27,180),(3,181),(14,182),(87,182),(45,183),(62,184),(66,184),(43,185),(28,187),(32,188),(54,188),(25,189),(38,189),(56,189),(69,189),(91,189),(70,190),(94,190),(7,192),(14,192),(25,193),(28,193),(94,193),(48,194),(77,194),(36,195),(28,196),(90,196),(46,197),(48,197),(71,197),(90,197),(33,198),(60,198),(78,198),(90,198),(8,199),(61,199),(85,199),(38,201),(84,201),(86,201),(100,201),(25,202),(37,202),(88,202),(33,203),(81,203),(12,204),(91,204),(34,205),(96,205),(41,206),(44,206),(83,206),(60,207),(85,207),(88,207),(7,208),(98,208),(61,209),(1,210),(55,210),(33,211),(72,211),(35,212),(43,212),(51,212),(63,212),(85,212),(99,212),(7,213),(37,214),(100,214),(85,215),(38,216),(4,217),(6,217),(9,217),(10,217),(18,217),(92,217),(22,218),(48,218),(34,219),(44,219),(50,219),(78,219),(46,220),(82,220),(85,220),(21,221),(85,222),(34,223),(67,223),(82,223),(50,224),(93,225),(94,225),(29,226),(36,227),(16,228),(55,229),(9,230),(20,230),(58,232),(79,233),(3,234),(32,235),(38,235),(61,235),(82,235),(29,236),(65,236),(68,236),(95,237),(44,238),(96,238),(4,239),(22,239),(55,239),(60,239),(2,240),(7,240),(1,241),(49,241),(69,241),(60,242),(83,242),(66,244),(83,245),(97,247),(60,248),(84,248),(96,248),(52,249),(80,249),(14,250),(40,250),(43,250),(59,250),(93,250),(66,252),(90,252),(43,254),(11,255),(42,255),(58,255),(30,256),(83,256),(22,257),(4,261),(86,261),(83,263),(97,263),(63,264),(53,265),(59,265),(24,266),(76,266),(18,267),(62,268),(88,268),(47,269),(67,269),(10,270),(94,270),(60,271),(69,271),(89,271),(94,271),(22,272),(27,272),(59,272),(20,273),(58,273),(90,273),(35,274),(54,274),(55,274),(4,275),(9,275),(21,275),(37,276),(43,276),(69,276),(94,276),(32,277),(80,277),(7,278),(48,278),(1,279),(20,280),(29,281),(28,282),(13,283),(53,283),(74,283),(36,284),(11,285),(19,285),(49,285),(50,286),(47,287),(2,288),(25,288),(49,288),(32,290),(38,290),(84,290),(6,291),(43,291),(69,291),(95,291),(57,292),(96,292),(34,294),(89,294),(87,295),(100,295),(14,296),(37,297),(93,297),(70,299),(47,300),(82,300),(97,300),(12,301),(31,301),(53,301),(58,301),(61,301),(19,302),(67,302),(100,302),(19,303),(42,304),(71,304),(4,305),(70,305),(5,306),(6,306),(40,306),(70,306),(84,306),(67,308),(50,309),(51,309),(4,310),(8,310),(35,310),(36,310),(53,310),(1,311),(46,311),(3,312),(40,312),(48,312),(85,312),(14,313),(21,313),(37,313),(41,314),(21,315),(23,315),(71,315),(19,316),(27,316),(43,316),(77,316),(68,317),(11,319),(63,319),(43,320),(61,321),(57,322),(69,322),(75,323),(13,324),(86,324),(10,325),(50,325),(61,325),(68,327),(93,327),(94,327),(18,328),(42,328),(53,329),(59,329),(4,330),(80,330),(95,331),(98,331),(50,333),(10,335),(11,335),(9,336),(84,336),(23,337),(34,337),(67,337),(98,337),(2,338),(27,338),(53,338),(12,339),(48,339),(50,339),(3,340),(77,340),(80,340),(21,341),(73,341),(7,342),(32,343),(99,344),(6,345),(10,345),(97,345),(10,348),(48,349),(64,350),(9,351),(22,351),(25,351),(58,351),(61,351),(11,352),(91,352),(58,353),(61,353),(27,354),(78,354),(93,354),(26,356),(24,357),(78,357),(79,357),(46,358),(63,358),(72,359),(52,360),(79,361),(82,361),(38,362),(46,362),(50,362),(99,362),(19,363),(36,363),(64,363),(98,363),(19,365),(34,365),(61,365),(58,366),(49,367),(72,367),(24,368),(66,368),(33,370),(43,370),(59,370),(69,370),(56,371),(20,373),(6,374),(14,374),(68,374),(46,375),(72,375),(34,376),(51,376),(62,376),(2,378),(25,378),(25,380),(46,380),(52,380),(60,380),(76,380),(94,381),(23,383),(7,384),(19,384),(51,384),(53,385),(32,386),(44,386),(43,387),(4,388),(34,388),(9,390),(27,390),(75,390),(80,390),(2,392),(42,392),(60,392),(67,393),(5,394),(35,394),(76,394),(96,394),(20,395),(70,395),(13,396),(16,396),(26,396),(57,396),(94,396),(6,397),(60,397),(64,398),(26,399),(45,399),(95,399),(10,400),(25,400),(63,400),(71,400),(42,401),(73,401),(87,401),(3,402),(70,402),(47,403),(3,404),(25,404),(32,404),(35,404),(86,404),(19,405),(75,405),(80,405),(17,406),(27,406),(48,406),(8,407),(26,407),(34,407),(42,407),(54,407),(92,407),(52,408),(55,408),(74,408),(15,409),(17,409),(38,409),(77,409),(9,410),(40,410),(100,411),(23,412),(95,412),(98,413),(44,414),(48,414),(58,414),(90,414),(91,414),(93,414),(27,415),(57,415),(59,415),(68,415),(80,415),(29,416),(11,417),(34,417),(78,417),(81,418),(12,420),(77,420),(23,421),(42,421),(52,421),(10,423),(81,423),(79,424),(95,424),(30,425),(48,425),(90,425),(23,426),(75,429),(79,429),(13,430),(11,431),(20,431),(53,431),(77,431),(12,432),(21,432),(58,432),(87,432),(25,433),(92,433),(97,433),(70,434),(90,434),(10,435),(57,436),(62,436),(86,436),(13,437),(47,437),(52,438),(91,438),(6,439),(40,439),(20,441),(47,441),(57,441),(86,441),(24,442),(25,442),(93,442),(95,442),(20,443),(94,443),(65,444),(9,445),(20,445),(25,445),(13,446),(20,446),(21,446),(67,446),(3,447),(5,447),(33,447),(68,447),(96,447),(8,448),(24,449),(46,449),(70,450),(85,450),(59,451),(61,451),(92,451),(61,454),(66,454),(95,454),(2,455),(50,455),(86,455),(72,456),(41,457),(51,457),(58,457),(94,457),(95,457),(64,458),(88,458),(53,459),(80,459),(37,460),(40,460),(6,461),(50,461),(62,461),(13,462),(45,462),(16,463),(41,463),(8,465),(44,465),(82,466),(44,467),(63,467),(73,467),(5,468),(4,469),(58,469),(17,471),(75,472),(37,473),(64,473),(86,473),(36,474),(74,474),(42,475),(6,476),(25,477),(22,478),(27,478),(85,478),(47,479),(59,479),(61,479),(75,480),(46,481),(47,481),(68,481),(72,481),(59,482),(64,482),(87,482),(41,483),(60,483),(12,484),(14,484),(4,485),(53,485),(97,485),(14,486),(58,486),(98,487),(46,488),(50,488),(6,489),(39,489),(60,489),(75,489),(30,490),(52,490),(80,490),(83,491),(47,492),(79,492),(4,493),(46,493),(80,493),(15,494),(71,494),(76,494),(31,495),(39,495),(51,495),(5,496),(94,498),(15,499),(43,499),(18,500),(64,500),(98,500);
/*!40000 ALTER TABLE `DETALLE` ENABLE KEYS */;
UNLOCK TABLES;

--
-- Table structure for table `EMPLEADO`
--

DROP TABLE IF EXISTS `EMPLEADO`;
/*!40101 SET @saved_cs_client     = @@character_set_client */;
/*!50503 SET character_set_client = utf8mb4 */;
CREATE TABLE `EMPLEADO` (
  `empleado_id` int NOT NULL AUTO_INCREMENT,
  `sucursal_id` int NOT NULL,
  `empleado_nombre` varchar(60) NOT NULL,
  `empleado_apellido` varchar(60) NOT NULL,
  `documento` int NOT NULL,
  `empleado_teléfono` int NOT NULL,
  PRIMARY KEY (`empleado_id`),
  UNIQUE KEY `documento` (`documento`),
  KEY `FK_EMP_SUCURSAL` (`sucursal_id`),
  CONSTRAINT `FK_EMP_SUCURSAL` FOREIGN KEY (`sucursal_id`) REFERENCES `SUCURSAL` (`sucursal_id`)
) ENGINE=InnoDB AUTO_INCREMENT=26 DEFAULT CHARSET=utf8mb4 COLLATE=utf8mb4_0900_ai_ci;
/*!40101 SET character_set_client = @saved_cs_client */;

--
-- Dumping data for table `EMPLEADO`
--

LOCK TABLES `EMPLEADO` WRITE;
/*!40000 ALTER TABLE `EMPLEADO` DISABLE KEYS */;
INSERT INTO `EMPLEADO` VALUES (1,6,'Sofia','Hernández',47726651,5495622),(2,1,'Miguel','Rodríguez',45737182,5494026),(3,6,'Fernando','Hernández',45835795,5494329),(4,6,'Raquel','Martínez',49817115,5490261),(5,2,'Javier','Hernández',47590000,5491042),(6,1,'Ana','Ramírez',43651080,5491369),(7,1,'Raquel','López',48885861,5499662),(8,3,'Luis','Martínez',43576590,5493089),(9,5,'Ana','Sánchez',49327616,5492194),(10,3,'Lucia','Martínez',46130263,5494950),(11,5,'Raquel','Martínez',46462343,5493949),(12,1,'Sofia','Torres',44935277,5495676),(13,1,'Lucia','Sánchez',43777734,5492305),(14,5,'Javier','Torres',45012126,5497237),(15,4,'Isabel','Torres',44355771,5496846),(16,5,'Laura','González',44005308,5493560),(17,5,'Raquel','García',47434994,5490886),(18,3,'Elena','Rodríguez',49329507,5491982),(19,1,'Juan','González',47717418,5490366),(20,2,'Beatriz','Torres',49681112,5496024),(21,5,'Pedro','Ramírez',48065391,5497123),(22,6,'Sofia','Rodríguez',43628558,5497895),(23,1,'Lucia','Ramírez',48354695,5490237),(24,1,'Raul','Sánchez',45598825,5496427),(25,6,'Roberto','López',49577904,5491346);
/*!40000 ALTER TABLE `EMPLEADO` ENABLE KEYS */;
UNLOCK TABLES;

--
-- Table structure for table `EMPRESA_TRANSPORTE`
--

DROP TABLE IF EXISTS `EMPRESA_TRANSPORTE`;
/*!40101 SET @saved_cs_client     = @@character_set_client */;
/*!50503 SET character_set_client = utf8mb4 */;
CREATE TABLE `EMPRESA_TRANSPORTE` (
  `empresa_transporte_id` int NOT NULL AUTO_INCREMENT,
  `empresa_transporte_nombre` varchar(100) NOT NULL,
  `empresa_transporte_telefono` varchar(20) DEFAULT '00-000-000-00',
  `empresa_transporte_mail` varchar(100) DEFAULT NULL,
  PRIMARY KEY (`empresa_transporte_id`),
  UNIQUE KEY `empresa_transporte_mail` (`empresa_transporte_mail`)
) ENGINE=InnoDB AUTO_INCREMENT=6 DEFAULT CHARSET=utf8mb4 COLLATE=utf8mb4_0900_ai_ci;
/*!40101 SET character_set_client = @saved_cs_client */;

--
-- Dumping data for table `EMPRESA_TRANSPORTE`
--

LOCK TABLES `EMPRESA_TRANSPORTE` WRITE;
/*!40000 ALTER TABLE `EMPRESA_TRANSPORTE` DISABLE KEYS */;
INSERT INTO `EMPRESA_TRANSPORTE` VALUES (1,'Transporte Argentino','5495776','transargentino@gmail.com.ar'),(2,'Rápido Argentino','5499130','rapiargentino@gmail.com.ar'),(3,'Expreso Litoral','5493796','expresolitoral@gmail.com.ar'),(4,'Transportes del Sur','5498847','transur@gmail.com.ar'),(5,'Transpato','5492265','transpato@gmail.com.ar');
/*!40000 ALTER TABLE `EMPRESA_TRANSPORTE` ENABLE KEYS */;
UNLOCK TABLES;

--
-- Table structure for table `ENVIO`
--

DROP TABLE IF EXISTS `ENVIO`;
/*!40101 SET @saved_cs_client     = @@character_set_client */;
/*!50503 SET character_set_client = utf8mb4 */;
CREATE TABLE `ENVIO` (
  `envio_id` int NOT NULL AUTO_INCREMENT,
  `compra_id` int DEFAULT NULL,
  `empresa_transporte_id` int DEFAULT NULL,
  `ciudad_envio` varchar(100) NOT NULL,
  `calle_envio` varchar(100) NOT NULL,
  `entregado` tinyint(1) NOT NULL,
  PRIMARY KEY (`envio_id`),
  KEY `FK_ENV_COMPRA` (`compra_id`),
  KEY `FK_ENV_EMPRESA` (`empresa_transporte_id`),
  CONSTRAINT `FK_ENV_COMPRA` FOREIGN KEY (`compra_id`) REFERENCES `COMPRA` (`compra_id`),
  CONSTRAINT `FK_ENV_EMPRESA` FOREIGN KEY (`empresa_transporte_id`) REFERENCES `EMPRESA_TRANSPORTE` (`empresa_transporte_id`)
) ENGINE=InnoDB AUTO_INCREMENT=101 DEFAULT CHARSET=utf8mb4 COLLATE=utf8mb4_0900_ai_ci;
/*!40101 SET character_set_client = @saved_cs_client */;

--
-- Dumping data for table `ENVIO`
--

LOCK TABLES `ENVIO` WRITE;
/*!40000 ALTER TABLE `ENVIO` DISABLE KEYS */;
INSERT INTO `ENVIO` VALUES (1,99,1,'Bahia Blanca','Calle Florida',0),(2,301,4,'Posadas','Avenida Libertador',0),(3,10,3,'Santa Fe','Calle Paraguay',0),(4,89,2,'Mar del Plata','Avenida Figueroa Alcorta',1),(5,296,3,'Buenos Aires','Avenida 9 de Julio',0),(6,111,5,'Salta','Avenida Las Heras',1),(7,64,2,'Rosario','Avenida 9 de Julio',1),(8,172,4,'Resistencia','Calle Maipú',1),(9,106,5,'San Salvador de Jujuy','Calle Alsina',1),(10,107,2,'Corrientes','Avenida San Juan',1),(11,75,5,'Corrientes','Calle Reconquista',1),(12,16,4,'Tucuman','Calle Viamonte',1),(13,119,1,'San Salvador de Jujuy','Calle Maipú',1),(14,474,5,'La Plata','Avenida Las Heras',1),(15,285,5,'La Plata','Calle Paraguay',0),(16,113,4,'Resistencia','Calle Rivadavia',0),(17,313,5,'Parana','Calle Rivadavia',0),(18,236,5,'Tucuman','Calle Rivadavia',1),(19,122,4,'San Salvador de Jujuy','Avenida Montes de Oca',1),(20,391,5,'Resistencia','Avenida Santa Fe',1),(21,177,2,'San Luis','Avenida Montes de Oca',0),(22,362,2,'Rio Cuarto','Avenida Cabildo',0),(23,227,5,'Posadas','Calle Viamonte',1),(24,429,5,'Mar del Plata','Calle Bartolomé Mitre',1),(25,214,3,'Neuquen','Calle Viamonte',1),(26,365,4,'Bahia Blanca','Avenida 9 de Julio',1),(27,330,3,'Rio Cuarto','Calle Paraguay',0),(28,205,4,'Bahia Blanca','Calle Paraguay',0),(29,218,1,'Posadas','Avenida Pueyrredón',1),(30,424,1,'Tucuman','Avenida San Juan',0),(31,392,2,'Neuquen','Avenida Figueroa Alcorta',1),(32,449,3,'Salta','Calle Lavalle',0),(33,326,5,'Santa Fe','Calle Sarmiento',1),(34,490,3,'Salta','Calle Alsina',0),(35,143,3,'San Juan','Calle Córdoba',0),(36,340,2,'Mendoza','Calle Córdoba',1),(37,20,1,'Tucuman','Avenida Montes de Oca',0),(38,236,4,'Rosario','Avenida de Mayo',1),(39,191,3,'Mendoza','Avenida Las Heras',1),(40,422,1,'Salta','Avenida Callao',1),(41,183,4,'Formosa','Avenida Pueyrredón',0),(42,437,3,'La Plata','Calle Sarmiento',1),(43,363,2,'San Salvador de Jujuy','Avenida Figueroa Alcorta',1),(44,76,1,'Parana','Avenida 9 de Julio',0),(45,352,4,'Salta','Avenida Corrientes',1),(46,202,2,'Formosa','Calle San Martín',1),(47,205,1,'Buenos Aires','Calle San Martín',1),(48,368,5,'Mendoza','Avenida 9 de Julio',1),(49,209,3,'San Salvador de Jujuy','Calle Suipacha',1),(50,407,2,'Buenos Aires','Avenida Corrientes',0),(51,330,1,'San Salvador de Jujuy','Avenida Cabildo',0),(52,364,4,'La Plata','Calle Viamonte',1),(53,396,4,'La Plata','Calle Reconquista',0),(54,87,2,'Mar del Plata','Avenida Corrientes',0),(55,487,4,'Mendoza','Avenida Santa Fe',1),(56,317,4,'Formosa','Avenida Callao',0),(57,36,2,'San Salvador de Jujuy','Calle Viamonte',1),(58,323,5,'Bahia Blanca','Avenida Belgrano',1),(59,164,3,'San Juan','Calle Suipacha',1),(60,12,4,'Buenos Aires','Calle Maipú',1),(61,390,1,'La Plata','Calle Lavalle',1),(62,361,4,'Bahia Blanca','Avenida Santa Fe',1),(63,310,1,'Mendoza','Avenida Juan B. Justo',0),(64,499,4,'Mar del Plata','Avenida 9 de Julio',0),(65,122,4,'San Salvador de Jujuy','Calle Córdoba',1),(66,129,3,'La Plata','Avenida Rivadavia',0),(67,420,5,'Parana','Avenida Scalabrini Ortiz',1),(68,113,3,'Corrientes','Calle Alsina',1),(69,83,5,'Resistencia','Calle Maipú',1),(70,377,1,'Santa Fe','Avenida Juan B. Justo',0),(71,180,1,'Formosa','Avenida 9 de Julio',0),(72,228,4,'Cordoba','Calle Alsina',1),(73,166,5,'Formosa','Calle Florida',1),(74,434,2,'Bahia Blanca','Avenida Pueyrredón',0),(75,310,4,'Tucuman','Avenida Callao',0),(76,383,4,'San Juan','Calle Florida',1),(77,457,3,'Mar del Plata','Avenida 9 de Julio',0),(78,58,4,'Resistencia','Calle Sarmiento',1),(79,434,1,'Salta','Calle Sarmiento',1),(80,260,3,'Neuquen','Avenida Juan B. Justo',1),(81,395,2,'Buenos Aires','Avenida Rivadavia',1),(82,296,2,'Tucuman','Avenida 9 de Julio',1),(83,269,3,'San Salvador de Jujuy','Calle Bartolomé Mitre',0),(84,67,2,'San Juan','Calle Viamonte',1),(85,336,2,'Resistencia','Avenida de Mayo',0),(86,339,4,'Tucuman','Avenida Callao',1),(87,183,2,'Rio Cuarto','Calle Reconquista',0),(88,147,5,'Neuquen','Avenida de Mayo',0),(89,244,2,'Bahia Blanca','Avenida Corrientes',1),(90,268,5,'Mendoza','Avenida Libertador',1),(91,394,5,'San Juan','Avenida Callao',0),(92,262,2,'San Salvador de Jujuy','Calle Reconquista',1),(93,293,2,'San Salvador de Jujuy','Calle Reconquista',0),(94,93,2,'Salta','Calle Alsina',0),(95,458,3,'Parana','Avenida Juan B. Justo',0),(96,242,2,'Mendoza','Avenida Libertador',0),(97,27,4,'Buenos Aires','Calle San Martín',1),(98,299,4,'San Juan','Calle Talcahuano',1),(99,283,5,'Posadas','Avenida Figueroa Alcorta',1),(100,82,1,'Resistencia','Calle Suipacha',0);
/*!40000 ALTER TABLE `ENVIO` ENABLE KEYS */;
UNLOCK TABLES;

--
-- Table structure for table `METODO_PAGO`
--

DROP TABLE IF EXISTS `METODO_PAGO`;
/*!40101 SET @saved_cs_client     = @@character_set_client */;
/*!50503 SET character_set_client = utf8mb4 */;
CREATE TABLE `METODO_PAGO` (
  `metodo_pago_id` int NOT NULL AUTO_INCREMENT,
  `metodo_pago_nombre` varchar(50) NOT NULL,
  PRIMARY KEY (`metodo_pago_id`)
) ENGINE=InnoDB AUTO_INCREMENT=5 DEFAULT CHARSET=utf8mb4 COLLATE=utf8mb4_0900_ai_ci;
/*!40101 SET character_set_client = @saved_cs_client */;

--
-- Dumping data for table `METODO_PAGO`
--

LOCK TABLES `METODO_PAGO` WRITE;
/*!40000 ALTER TABLE `METODO_PAGO` DISABLE KEYS */;
INSERT INTO `METODO_PAGO` VALUES (1,'Efectivo'),(2,'Credito'),(3,'Debito'),(4,'Mercado Pago');
/*!40000 ALTER TABLE `METODO_PAGO` ENABLE KEYS */;
UNLOCK TABLES;

--
-- Table structure for table `PRODUCTO`
--

DROP TABLE IF EXISTS `PRODUCTO`;
/*!40101 SET @saved_cs_client     = @@character_set_client */;
/*!50503 SET character_set_client = utf8mb4 */;
CREATE TABLE `PRODUCTO` (
  `producto_id` int NOT NULL AUTO_INCREMENT,
  `modelo` varchar(70) NOT NULL,
  `marca` varchar(70) NOT NULL,
  `precio_producto` int NOT NULL,
  `temporada` date DEFAULT NULL,
  PRIMARY KEY (`producto_id`)
) ENGINE=InnoDB AUTO_INCREMENT=101 DEFAULT CHARSET=utf8mb4 COLLATE=utf8mb4_0900_ai_ci;
/*!40101 SET character_set_client = @saved_cs_client */;

--
-- Dumping data for table `PRODUCTO`
--

LOCK TABLES `PRODUCTO` WRITE;
/*!40000 ALTER TABLE `PRODUCTO` DISABLE KEYS */;
INSERT INTO `PRODUCTO` VALUES (1,'calcetines','Nike',3124,'2014-10-25'),(2,'vestido','Puma',1755,'2005-03-02'),(3,'chaqueta','Under Armour',3954,'2010-06-04'),(4,'falda','Converse',1715,'2005-09-17'),(5,'pantalones','Champion',4276,'2017-11-18'),(6,'vestido','Fila',4602,'2017-12-23'),(7,'jersey','Reebok',3198,'2010-07-22'),(8,'guantes','Converse',4045,'2024-04-01'),(9,'bañador','Vans',2417,'2007-07-02'),(10,'jersey','Champion',3784,'2009-02-07'),(11,'jersey','Champion',1566,'2016-08-22'),(12,'pantalones','Puma',4955,'2019-06-14'),(13,'jersey','Nike',4514,'2021-10-09'),(14,'vestido','Converse',3775,'2014-12-15'),(15,'sombrero','New Balance',3421,'2011-10-01'),(16,'guantes','New Balance',2977,'2016-01-31'),(17,'bufanda','Converse',3462,'2013-01-01'),(18,'camisa','Nike',2292,'2011-12-19'),(19,'bufanda','Reebok',2733,'2005-01-27'),(20,'gorra','Fila',2241,'2005-07-19'),(21,'sombrero','Under Armour',4157,'2018-06-28'),(22,'chaleco','Puma',3389,'2005-06-19'),(23,'guantes','Nike',3427,'2005-05-09'),(24,'chaqueta','Reebok',2105,'2013-10-25'),(25,'camisa','New Balance',4631,'2025-06-07'),(26,'chaleco','Puma',1398,'2005-05-09'),(27,'calcetines','Vans',2353,'2018-04-09'),(28,'vestido','Adidas',3323,'2021-12-24'),(29,'chaqueta','Nike',2458,'2022-04-08'),(30,'gorra','Reebok',2252,'2010-02-03'),(31,'gorra','Adidas',2183,'2013-06-23'),(32,'zapatos','Champion',4093,'2019-09-20'),(33,'botas','New Balance',1111,'2024-05-03'),(34,'botas','Vans',1915,'2013-03-07'),(35,'zapatos','Champion',4221,'2015-08-03'),(36,'traje','Nike',1937,'2023-04-08'),(37,'gorra','Fila',1910,'2022-08-11'),(38,'botas','Reebok',3639,'2007-10-02'),(39,'abrigo','Reebok',2674,'2024-02-26'),(40,'blusa','Fila',1311,'2008-04-24'),(41,'pantalones','Nike',1158,'2021-04-06'),(42,'botas','Reebok',1280,'2024-01-15'),(43,'vestido','Vans',3828,'2025-03-27'),(44,'camisa','Converse',4965,'2015-05-16'),(45,'vestido','Nike',2222,'2023-10-05'),(46,'chaqueta','Champion',2881,'2021-01-19'),(47,'guantes','Puma',2902,'2024-06-02'),(48,'chaleco','Under Armour',3802,'2016-07-10'),(49,'ropa','Vans',4693,'2019-08-25'),(50,'botas','Puma',2744,'2021-07-31'),(51,'jersey','Converse',2405,'2020-09-07'),(52,'abrigo','Champion',1074,'2014-02-26'),(53,'botas','Reebok',4770,'2008-08-09'),(54,'gorra','Vans',1248,'2024-01-30'),(55,'pantalones','Adidas',2412,'2006-04-30'),(56,'abrigo','Fila',1895,'2010-03-30'),(57,'abrigo','Puma',1477,'2005-05-09'),(58,'gorra','New Balance',4086,'2008-02-16'),(59,'ropa','New Balance',2242,'2009-07-12'),(60,'jersey','Under Armour',2290,'2023-02-17'),(61,'zapatos','Adidas',3312,'2021-12-24'),(62,'abrigo','Reebok',4717,'2013-04-07'),(63,'corbata','Vans',4349,'2006-02-04'),(64,'botas','New Balance',4251,'2013-04-14'),(65,'ropa','Converse',2546,'2012-07-15'),(66,'sombrero','Reebok',3442,'2010-03-30'),(67,'traje','Reebok',1008,'2010-04-20'),(68,'traje','Under Armour',2756,'2009-07-25'),(69,'falda','Under Armour',2431,'2013-06-23'),(70,'calcetines','Nike',1590,'2017-10-14'),(71,'traje','Under Armour',1685,'2005-01-28'),(72,'sombrero','Reebok',3100,'2013-04-29'),(73,'chaleco','Puma',3891,'2011-09-23'),(74,'calcetines','Fila',2298,'2013-05-14'),(75,'abrigo','Converse',2837,'2022-05-24'),(76,'ropa','Champion',1647,'2010-08-19'),(77,'blusa','Reebok',3598,'2025-11-15'),(78,'botas','Converse',2102,'2025-09-23'),(79,'corbata','Puma',1104,'2015-09-08'),(80,'jersey','Vans',4019,'2019-02-12'),(81,'botas','New Balance',4351,'2014-07-20'),(82,'bañador','Converse',2258,'2008-01-09'),(83,'corbata','Under Armour',4704,'2009-02-07'),(84,'bufanda','Puma',2130,'2005-02-09'),(85,'chaleco','Adidas',1211,'2024-05-04'),(86,'guantes','Nike',4789,'2006-10-10'),(87,'guantes','Vans',1894,'2024-07-21'),(88,'sombrero','Puma',3757,'2006-11-23'),(89,'bufanda','Puma',4736,'2019-11-09'),(90,'bufanda','Fila',4391,'2023-05-23'),(91,'chaleco','Under Armour',1406,'2014-04-02'),(92,'gorra','Vans',3608,'2012-06-11'),(93,'abrigo','Reebok',3357,'2022-08-11'),(94,'calcetines','Vans',3965,'2017-11-02'),(95,'falda','Champion',4791,'2011-05-17'),(96,'camisa','Nike',2332,'2009-01-29'),(97,'sombrero','Nike',4801,'2006-02-04'),(98,'chaleco','Fila',3908,'2014-08-07'),(99,'vestido','Puma',2899,'2025-09-08'),(100,'chaleco','Nike',1447,'2023-05-23');
/*!40000 ALTER TABLE `PRODUCTO` ENABLE KEYS */;
UNLOCK TABLES;

--
-- Table structure for table `PRODUCTO_PROVEEDOR`
--

DROP TABLE IF EXISTS `PRODUCTO_PROVEEDOR`;
/*!40101 SET @saved_cs_client     = @@character_set_client */;
/*!50503 SET character_set_client = utf8mb4 */;
CREATE TABLE `PRODUCTO_PROVEEDOR` (
  `producto_id` int NOT NULL,
  `proveedor_id` int NOT NULL,
  PRIMARY KEY (`producto_id`,`proveedor_id`),
  KEY `FK_PROD_PROV_PROVEEDOR` (`proveedor_id`),
  CONSTRAINT `FK_PROD_PROV_PRODUCTO` FOREIGN KEY (`producto_id`) REFERENCES `PRODUCTO` (`producto_id`),
  CONSTRAINT `FK_PROD_PROV_PROVEEDOR` FOREIGN KEY (`proveedor_id`) REFERENCES `PROVEEDOR` (`proveedor_id`)
) ENGINE=InnoDB DEFAULT CHARSET=utf8mb4 COLLATE=utf8mb4_0900_ai_ci;
/*!40101 SET character_set_client = @saved_cs_client */;

--
-- Dumping data for table `PRODUCTO_PROVEEDOR`
--

LOCK TABLES `PRODUCTO_PROVEEDOR` WRITE;
/*!40000 ALTER TABLE `PRODUCTO_PROVEEDOR` DISABLE KEYS */;
INSERT INTO `PRODUCTO_PROVEEDOR` VALUES (4,1),(5,1),(6,1),(10,1),(11,1),(12,1),(14,1),(17,1),(23,1),(28,1),(29,1),(31,1),(34,1),(35,1),(38,1),(44,1),(47,1),(49,1),(51,1),(52,1),(53,1),(59,1),(60,1),(61,1),(63,1),(67,1),(68,1),(72,1),(75,1),(76,1),(79,1),(81,1),(82,1),(85,1),(90,1),(92,1),(97,1),(2,2),(3,2),(4,2),(9,2),(11,2),(12,2),(14,2),(15,2),(16,2),(19,2),(21,2),(22,2),(23,2),(26,2),(28,2),(29,2),(30,2),(32,2),(33,2),(34,2),(35,2),(37,2),(41,2),(45,2),(47,2),(51,2),(52,2),(55,2),(56,2),(60,2),(65,2),(66,2),(68,2),(70,2),(71,2),(72,2),(76,2),(78,2),(80,2),(81,2),(84,2),(91,2),(94,2),(96,2),(97,2),(99,2),(100,2),(1,3),(2,3),(6,3),(9,3),(12,3),(14,3),(17,3),(19,3),(20,3),(24,3),(25,3),(26,3),(27,3),(30,3),(31,3),(34,3),(35,3),(36,3),(37,3),(38,3),(40,3),(43,3),(46,3),(55,3),(57,3),(59,3),(60,3),(61,3),(62,3),(66,3),(67,3),(68,3),(69,3),(71,3),(72,3),(79,3),(80,3),(85,3),(87,3),(92,3),(99,3),(2,4),(3,4),(7,4),(11,4),(13,4),(15,4),(18,4),(22,4),(23,4),(25,4),(26,4),(27,4),(28,4),(32,4),(33,4),(35,4),(36,4),(37,4),(38,4),(40,4),(43,4),(44,4),(46,4),(47,4),(51,4),(52,4),(55,4),(60,4),(64,4),(70,4),(77,4),(80,4),(82,4),(84,4),(86,4),(87,4),(89,4),(99,4),(100,4),(1,5),(4,5),(6,5),(8,5),(9,5),(11,5),(12,5),(14,5),(15,5),(18,5),(22,5),(25,5),(30,5),(31,5),(32,5),(34,5),(35,5),(40,5),(45,5),(46,5),(47,5),(49,5),(53,5),(55,5),(60,5),(68,5),(70,5),(71,5),(73,5),(79,5),(92,5),(93,5),(94,5),(96,5),(97,5),(98,5),(100,5),(4,6),(14,6),(16,6),(18,6),(19,6),(22,6),(23,6),(25,6),(26,6),(32,6),(33,6),(34,6),(37,6),(41,6),(44,6),(45,6),(49,6),(50,6),(51,6),(52,6),(57,6),(58,6),(64,6),(66,6),(76,6),(77,6),(80,6),(83,6),(87,6),(90,6),(91,6),(96,6),(97,6),(98,6),(99,6),(1,7),(11,7),(12,7),(15,7),(16,7),(17,7),(22,7),(23,7),(24,7),(26,7),(27,7),(28,7),(30,7),(35,7),(38,7),(39,7),(43,7),(45,7),(47,7),(51,7),(53,7),(55,7),(57,7),(59,7),(62,7),(64,7),(65,7),(67,7),(73,7),(75,7),(81,7),(83,7),(86,7),(87,7),(89,7),(91,7),(97,7),(98,7),(99,7),(2,8),(5,8),(7,8),(14,8),(18,8),(21,8),(22,8),(27,8),(28,8),(33,8),(35,8),(39,8),(41,8),(44,8),(47,8),(50,8),(51,8),(54,8),(59,8),(60,8),(61,8),(62,8),(63,8),(64,8),(67,8),(68,8),(69,8),(70,8),(72,8),(73,8),(76,8),(79,8),(80,8),(84,8),(85,8),(86,8),(88,8),(89,8),(93,8),(94,8),(99,8),(3,9),(4,9),(5,9),(8,9),(9,9),(11,9),(13,9),(17,9),(24,9),(28,9),(34,9),(35,9),(39,9),(49,9),(51,9),(53,9),(59,9),(60,9),(70,9),(71,9),(72,9),(74,9),(75,9),(77,9),(78,9),(80,9),(81,9),(87,9),(89,9),(95,9),(97,9),(98,9),(100,9),(1,10),(6,10),(9,10),(13,10),(22,10),(26,10),(28,10),(30,10),(31,10),(32,10),(33,10),(34,10),(35,10),(36,10),(39,10),(40,10),(41,10),(42,10),(43,10),(44,10),(45,10),(47,10),(50,10),(51,10),(55,10),(57,10),(58,10),(61,10),(67,10),(71,10),(72,10),(74,10),(79,10),(81,10),(83,10),(84,10),(89,10),(91,10),(98,10),(99,10),(100,10);
/*!40000 ALTER TABLE `PRODUCTO_PROVEEDOR` ENABLE KEYS */;
UNLOCK TABLES;

--
-- Table structure for table `PROVEEDOR`
--

DROP TABLE IF EXISTS `PROVEEDOR`;
/*!40101 SET @saved_cs_client     = @@character_set_client */;
/*!50503 SET character_set_client = utf8mb4 */;
CREATE TABLE `PROVEEDOR` (
  `proveedor_id` int NOT NULL AUTO_INCREMENT,
  `proveedor_nombre` varchar(70) DEFAULT 'proveedor',
  `proveedor_telefono` int NOT NULL,
  `proveedor_email` varchar(100) DEFAULT NULL,
  PRIMARY KEY (`proveedor_id`),
  UNIQUE KEY `proveedor_email` (`proveedor_email`)
) ENGINE=InnoDB AUTO_INCREMENT=11 DEFAULT CHARSET=utf8mb4 COLLATE=utf8mb4_0900_ai_ci;
/*!40101 SET character_set_client = @saved_cs_client */;

--
-- Dumping data for table `PROVEEDOR`
--

LOCK TABLES `PROVEEDOR` WRITE;
/*!40000 ALTER TABLE `PROVEEDOR` DISABLE KEYS */;
INSERT INTO `PROVEEDOR` VALUES (1,'Proveedor A',5497760,'a@gmail.com.ar'),(2,'Proveedor B',5492698,'b@gmail.com.ar'),(3,'Proveedor C',5496026,'c@gmail.com.ar'),(4,'Proveedor D',5497582,'d@gmail.com.ar'),(5,'Proveedor E',5491959,'e@gmail.com.ar'),(6,'Proveedor F',5498491,'f@gmail.com.ar'),(7,'Proveedor G',5492858,'g@gmail.com.ar'),(8,'Proveedor H',5499047,'h@gmail.com.ar'),(9,'Proveedor I',5490422,'i@gmail.com.ar'),(10,'Proveedor J',5490166,'j@gmail.com.ar');
/*!40000 ALTER TABLE `PROVEEDOR` ENABLE KEYS */;
UNLOCK TABLES;

--
-- Table structure for table `SUCURSAL`
--

DROP TABLE IF EXISTS `SUCURSAL`;
/*!40101 SET @saved_cs_client     = @@character_set_client */;
/*!50503 SET character_set_client = utf8mb4 */;
CREATE TABLE `SUCURSAL` (
  `sucursal_id` int NOT NULL AUTO_INCREMENT,
  `sucursal_ciudad` varchar(100) NOT NULL,
  `sucursal_calle` varchar(100) NOT NULL,
  `codigo_postal` int NOT NULL,
  PRIMARY KEY (`sucursal_id`)
) ENGINE=InnoDB AUTO_INCREMENT=7 DEFAULT CHARSET=utf8mb4 COLLATE=utf8mb4_0900_ai_ci;
/*!40101 SET character_set_client = @saved_cs_client */;

--
-- Dumping data for table `SUCURSAL`
--

LOCK TABLES `SUCURSAL` WRITE;
/*!40000 ALTER TABLE `SUCURSAL` DISABLE KEYS */;
INSERT INTO `SUCURSAL` VALUES (1,'Buenos Aires','San Martin',1005),(2,'Cordoba','Belgrano',5000),(3,'Rosario','Moreno',2000),(4,'Mendoza','Castelli',5500),(5,'Mar del Plata','Pueyrredon',7600),(6,'Online','Alberdi',1005);
/*!40000 ALTER TABLE `SUCURSAL` ENABLE KEYS */;
UNLOCK TABLES;

--
-- Temporary view structure for view `vw_cantidad_ventas`
--

DROP TABLE IF EXISTS `vw_cantidad_ventas`;
/*!50001 DROP VIEW IF EXISTS `vw_cantidad_ventas`*/;
SET @saved_cs_client     = @@character_set_client;
/*!50503 SET character_set_client = utf8mb4 */;
/*!50001 CREATE VIEW `vw_cantidad_ventas` AS SELECT 
 1 AS `cantidad_ventas`*/;
SET character_set_client = @saved_cs_client;

--
-- Temporary view structure for view `vw_empleados_sucursal`
--

DROP TABLE IF EXISTS `vw_empleados_sucursal`;
/*!50001 DROP VIEW IF EXISTS `vw_empleados_sucursal`*/;
SET @saved_cs_client     = @@character_set_client;
/*!50503 SET character_set_client = utf8mb4 */;
/*!50001 CREATE VIEW `vw_empleados_sucursal` AS SELECT 
 1 AS `NOMBRE EMPLEADO`,
 1 AS `APELLIDO EMPLEADO`,
 1 AS `SUCURSAL CIUDAD`*/;
SET character_set_client = @saved_cs_client;

--
-- Temporary view structure for view `vw_envio_no_entregados`
--

DROP TABLE IF EXISTS `vw_envio_no_entregados`;
/*!50001 DROP VIEW IF EXISTS `vw_envio_no_entregados`*/;
SET @saved_cs_client     = @@character_set_client;
/*!50503 SET character_set_client = utf8mb4 */;
/*!50001 CREATE VIEW `vw_envio_no_entregados` AS SELECT 
 1 AS `envio_id`,
 1 AS `compra_id`,
 1 AS `empresa_transporte_id`,
 1 AS `ciudad_envio`,
 1 AS `calle_envio`,
 1 AS `entregado`*/;
SET character_set_client = @saved_cs_client;

--
-- Temporary view structure for view `vw_metodo_pago_mas_usado`
--

DROP TABLE IF EXISTS `vw_metodo_pago_mas_usado`;
/*!50001 DROP VIEW IF EXISTS `vw_metodo_pago_mas_usado`*/;
SET @saved_cs_client     = @@character_set_client;
/*!50503 SET character_set_client = utf8mb4 */;
/*!50001 CREATE VIEW `vw_metodo_pago_mas_usado` AS SELECT 
 1 AS `metodo_pago_id`,
 1 AS `CANTIDAD DE VECES USADO`,
 1 AS `metodo_pago_nombre`*/;
SET character_set_client = @saved_cs_client;

--
-- Temporary view structure for view `vw_ventas_2023`
--

DROP TABLE IF EXISTS `vw_ventas_2023`;
/*!50001 DROP VIEW IF EXISTS `vw_ventas_2023`*/;
SET @saved_cs_client     = @@character_set_client;
/*!50503 SET character_set_client = utf8mb4 */;
/*!50001 CREATE VIEW `vw_ventas_2023` AS SELECT 
 1 AS `COUNT(*)`*/;
SET character_set_client = @saved_cs_client;

--
-- Dumping events for database 'bari_clothes'
--

--
-- Dumping routines for database 'bari_clothes'
--

--
-- Final view structure for view `vw_cantidad_ventas`
--

/*!50001 DROP VIEW IF EXISTS `vw_cantidad_ventas`*/;
/*!50001 SET @saved_cs_client          = @@character_set_client */;
/*!50001 SET @saved_cs_results         = @@character_set_results */;
/*!50001 SET @saved_col_connection     = @@collation_connection */;
/*!50001 SET character_set_client      = utf8mb4 */;
/*!50001 SET character_set_results     = utf8mb4 */;
/*!50001 SET collation_connection      = utf8mb4_0900_ai_ci */;
/*!50001 CREATE ALGORITHM=UNDEFINED */
/*!50013 DEFINER=`root`@`localhost` SQL SECURITY DEFINER */
/*!50001 VIEW `vw_cantidad_ventas` AS select count(distinct `DETALLE`.`compra_id`) AS `cantidad_ventas` from `DETALLE` */;
/*!50001 SET character_set_client      = @saved_cs_client */;
/*!50001 SET character_set_results     = @saved_cs_results */;
/*!50001 SET collation_connection      = @saved_col_connection */;

--
-- Final view structure for view `vw_empleados_sucursal`
--

/*!50001 DROP VIEW IF EXISTS `vw_empleados_sucursal`*/;
/*!50001 SET @saved_cs_client          = @@character_set_client */;
/*!50001 SET @saved_cs_results         = @@character_set_results */;
/*!50001 SET @saved_col_connection     = @@collation_connection */;
/*!50001 SET character_set_client      = utf8mb4 */;
/*!50001 SET character_set_results     = utf8mb4 */;
/*!50001 SET collation_connection      = utf8mb4_0900_ai_ci */;
/*!50001 CREATE ALGORITHM=UNDEFINED */
/*!50013 DEFINER=`root`@`localhost` SQL SECURITY DEFINER */
/*!50001 VIEW `vw_empleados_sucursal` AS select `bce`.`empleado_nombre` AS `NOMBRE EMPLEADO`,`bce`.`empleado_apellido` AS `APELLIDO EMPLEADO`,`bcs`.`sucursal_ciudad` AS `SUCURSAL CIUDAD` from (`EMPLEADO` `bce` join `SUCURSAL` `bcs` on((`bce`.`sucursal_id` = `bcs`.`sucursal_id`))) */;
/*!50001 SET character_set_client      = @saved_cs_client */;
/*!50001 SET character_set_results     = @saved_cs_results */;
/*!50001 SET collation_connection      = @saved_col_connection */;

--
-- Final view structure for view `vw_envio_no_entregados`
--

/*!50001 DROP VIEW IF EXISTS `vw_envio_no_entregados`*/;
/*!50001 SET @saved_cs_client          = @@character_set_client */;
/*!50001 SET @saved_cs_results         = @@character_set_results */;
/*!50001 SET @saved_col_connection     = @@collation_connection */;
/*!50001 SET character_set_client      = utf8mb4 */;
/*!50001 SET character_set_results     = utf8mb4 */;
/*!50001 SET collation_connection      = utf8mb4_0900_ai_ci */;
/*!50001 CREATE ALGORITHM=UNDEFINED */
/*!50013 DEFINER=`root`@`localhost` SQL SECURITY DEFINER */
/*!50001 VIEW `vw_envio_no_entregados` AS select `ENVIO`.`envio_id` AS `envio_id`,`ENVIO`.`compra_id` AS `compra_id`,`ENVIO`.`empresa_transporte_id` AS `empresa_transporte_id`,`ENVIO`.`ciudad_envio` AS `ciudad_envio`,`ENVIO`.`calle_envio` AS `calle_envio`,`ENVIO`.`entregado` AS `entregado` from `ENVIO` where (`ENVIO`.`entregado` = 0) */;
/*!50001 SET character_set_client      = @saved_cs_client */;
/*!50001 SET character_set_results     = @saved_cs_results */;
/*!50001 SET collation_connection      = @saved_col_connection */;

--
-- Final view structure for view `vw_metodo_pago_mas_usado`
--

/*!50001 DROP VIEW IF EXISTS `vw_metodo_pago_mas_usado`*/;
/*!50001 SET @saved_cs_client          = @@character_set_client */;
/*!50001 SET @saved_cs_results         = @@character_set_results */;
/*!50001 SET @saved_col_connection     = @@collation_connection */;
/*!50001 SET character_set_client      = utf8mb4 */;
/*!50001 SET character_set_results     = utf8mb4 */;
/*!50001 SET collation_connection      = utf8mb4_0900_ai_ci */;
/*!50001 CREATE ALGORITHM=UNDEFINED */
/*!50013 DEFINER=`root`@`localhost` SQL SECURITY DEFINER */
/*!50001 VIEW `vw_metodo_pago_mas_usado` AS select `bcc`.`metodo_pago_id` AS `metodo_pago_id`,count(0) AS `CANTIDAD DE VECES USADO`,`bcmp`.`metodo_pago_nombre` AS `metodo_pago_nombre` from (`COMPRA` `bcc` join `METODO_PAGO` `bcmp` on((`bcc`.`metodo_pago_id` = `bcmp`.`metodo_pago_id`))) group by `bcc`.`metodo_pago_id` order by `bcc`.`metodo_pago_id` desc limit 1 */;
/*!50001 SET character_set_client      = @saved_cs_client */;
/*!50001 SET character_set_results     = @saved_cs_results */;
/*!50001 SET collation_connection      = @saved_col_connection */;

--
-- Final view structure for view `vw_ventas_2023`
--

/*!50001 DROP VIEW IF EXISTS `vw_ventas_2023`*/;
/*!50001 SET @saved_cs_client          = @@character_set_client */;
/*!50001 SET @saved_cs_results         = @@character_set_results */;
/*!50001 SET @saved_col_connection     = @@collation_connection */;
/*!50001 SET character_set_client      = utf8mb4 */;
/*!50001 SET character_set_results     = utf8mb4 */;
/*!50001 SET collation_connection      = utf8mb4_0900_ai_ci */;
/*!50001 CREATE ALGORITHM=UNDEFINED */
/*!50013 DEFINER=`root`@`localhost` SQL SECURITY DEFINER */
/*!50001 VIEW `vw_ventas_2023` AS select count(0) AS `COUNT(*)` from `COMPRA` where (`COMPRA`.`fecha_compra` between '2023-01-01' and '2023-12-31') */;
/*!50001 SET character_set_client      = @saved_cs_client */;
/*!50001 SET character_set_results     = @saved_cs_results */;
/*!50001 SET collation_connection      = @saved_col_connection */;
/*!40103 SET TIME_ZONE=@OLD_TIME_ZONE */;

/*!40101 SET SQL_MODE=@OLD_SQL_MODE */;
/*!40014 SET FOREIGN_KEY_CHECKS=@OLD_FOREIGN_KEY_CHECKS */;
/*!40014 SET UNIQUE_CHECKS=@OLD_UNIQUE_CHECKS */;
/*!40101 SET CHARACTER_SET_CLIENT=@OLD_CHARACTER_SET_CLIENT */;
/*!40101 SET CHARACTER_SET_RESULTS=@OLD_CHARACTER_SET_RESULTS */;
/*!40101 SET COLLATION_CONNECTION=@OLD_COLLATION_CONNECTION */;
/*!40111 SET SQL_NOTES=@OLD_SQL_NOTES */;

-- Dump completed on 2024-04-16 18:12:38
